-- ============================================================================
-- SCRIPT: SISTEMA DE DENUNCIAS DE ROBOS EN PARQUEADEROS PUBLICOS DE MEDELLIN
-- Motor: Oracle 19c
-- Descripcion: Modelo fisico, datos de prueba, consultas y objetos PL/SQL
-- ============================================================================

-- ============================================================================
-- SECCION 1: LIMPIEZA DE OBJETOS EXISTENTES (DDL)
-- ============================================================================

-- Eliminar tablas en orden inverso de dependencias
BEGIN EXECUTE IMMEDIATE 'DROP TABLE OBJETO_ROBADO CASCADE CONSTRAINTS'; EXCEPTION WHEN OTHERS THEN NULL; END;
/
BEGIN EXECUTE IMMEDIATE 'DROP TABLE DENUNCIA_PENAL CASCADE CONSTRAINTS'; EXCEPTION WHEN OTHERS THEN NULL; END;
/
BEGIN EXECUTE IMMEDIATE 'DROP TABLE DENUNCIA_INFORMAL CASCADE CONSTRAINTS'; EXCEPTION WHEN OTHERS THEN NULL; END;
/
BEGIN EXECUTE IMMEDIATE 'DROP TABLE LOG_CAMBIOS_DENUNCIA CASCADE CONSTRAINTS'; EXCEPTION WHEN OTHERS THEN NULL; END;
/
BEGIN EXECUTE IMMEDIATE 'DROP TABLE DENUNCIA CASCADE CONSTRAINTS'; EXCEPTION WHEN OTHERS THEN NULL; END;
/
BEGIN EXECUTE IMMEDIATE 'DROP TABLE VEHICULO_PROPIETARIO CASCADE CONSTRAINTS'; EXCEPTION WHEN OTHERS THEN NULL; END;
/
BEGIN EXECUTE IMMEDIATE 'DROP TABLE PROPIETARIO CASCADE CONSTRAINTS'; EXCEPTION WHEN OTHERS THEN NULL; END;
/
BEGIN EXECUTE IMMEDIATE 'DROP TABLE VEHICULO CASCADE CONSTRAINTS'; EXCEPTION WHEN OTHERS THEN NULL; END;
/
BEGIN EXECUTE IMMEDIATE 'DROP TABLE CELDA CASCADE CONSTRAINTS'; EXCEPTION WHEN OTHERS THEN NULL; END;
/
BEGIN EXECUTE IMMEDIATE 'DROP TABLE PARQUEADERO CASCADE CONSTRAINTS'; EXCEPTION WHEN OTHERS THEN NULL; END;
/
BEGIN EXECUTE IMMEDIATE 'DROP TABLE ADMINISTRADOR CASCADE CONSTRAINTS'; EXCEPTION WHEN OTHERS THEN NULL; END;
/

-- Eliminar objetos PL/SQL
BEGIN EXECUTE IMMEDIATE 'DROP PROCEDURE sp_escalar_denuncias'; EXCEPTION WHEN OTHERS THEN NULL; END;
/
BEGIN EXECUTE IMMEDIATE 'DROP FUNCTION fn_valor_total_denuncia'; EXCEPTION WHEN OTHERS THEN NULL; END;
/
BEGIN EXECUTE IMMEDIATE 'DROP TRIGGER trg_log_cambio_tipo_denuncia'; EXCEPTION WHEN OTHERS THEN NULL; END;
/

-- ============================================================================
-- SECCION 2: CREACION DE TABLAS (DDL - MODELO FISICO)
-- ============================================================================

-- Tabla: ADMINISTRADOR
-- Almacena los datos basicos de los administradores de parqueaderos
CREATE TABLE ADMINISTRADOR (
    id_administrador    NUMBER GENERATED BY DEFAULT AS IDENTITY,
    cedula              VARCHAR2(20)    NOT NULL,
    nombre              VARCHAR2(100)   NOT NULL,
    telefono            VARCHAR2(20),
    email               VARCHAR2(100),
    direccion           VARCHAR2(200),
    CONSTRAINT pk_administrador PRIMARY KEY (id_administrador),
    CONSTRAINT uk_admin_cedula  UNIQUE (cedula)
);

-- Tabla: PARQUEADERO
-- Almacena la informacion de cada parqueadero publico estudiado
CREATE TABLE PARQUEADERO (
    id_parqueadero      NUMBER GENERATED BY DEFAULT AS IDENTITY,
    nit                 VARCHAR2(20)    NOT NULL,
    nombre              VARCHAR2(100)   NOT NULL,
    direccion           VARCHAR2(200)   NOT NULL,
    telefono            VARCHAR2(20),
    id_administrador    NUMBER          NOT NULL,
    CONSTRAINT pk_parqueadero       PRIMARY KEY (id_parqueadero),
    CONSTRAINT uk_parq_nit          UNIQUE (nit),
    CONSTRAINT fk_parq_admin        FOREIGN KEY (id_administrador)
                                    REFERENCES ADMINISTRADOR(id_administrador)
);

-- Tabla: CELDA
-- Cada celda pertenece a un parqueadero y tiene un numero secuencial
CREATE TABLE CELDA (
    id_celda            NUMBER GENERATED BY DEFAULT AS IDENTITY,
    numero_celda        NUMBER          NOT NULL,
    tamano              VARCHAR2(20)    NOT NULL,
    id_parqueadero      NUMBER          NOT NULL,
    CONSTRAINT pk_celda             PRIMARY KEY (id_celda),
    CONSTRAINT uk_celda_parq_num    UNIQUE (id_parqueadero, numero_celda),
    CONSTRAINT fk_celda_parq        FOREIGN KEY (id_parqueadero)
                                    REFERENCES PARQUEADERO(id_parqueadero),
    CONSTRAINT ck_celda_tamano      CHECK (tamano IN ('PEQUENA', 'MEDIANA', 'GRANDE'))
);

-- Tabla: VEHICULO
-- Vehiculos involucrados en robos, identificados por su placa
CREATE TABLE VEHICULO (
    placa               VARCHAR2(10)    NOT NULL,
    marca               VARCHAR2(50)    NOT NULL,
    modelo              VARCHAR2(50)    NOT NULL,
    anio                NUMBER(4)       NOT NULL,
    color               VARCHAR2(30),
    tipo                VARCHAR2(30),
    CONSTRAINT pk_vehiculo          PRIMARY KEY (placa)
);

-- Tabla: PROPIETARIO
-- Propietarios de vehiculos que pueden presentar denuncias
CREATE TABLE PROPIETARIO (
    id_propietario      NUMBER GENERATED BY DEFAULT AS IDENTITY,
    cedula              VARCHAR2(20)    NOT NULL,
    nombre              VARCHAR2(100)   NOT NULL,
    telefono            VARCHAR2(20),
    email               VARCHAR2(100),
    direccion           VARCHAR2(200),
    CONSTRAINT pk_propietario       PRIMARY KEY (id_propietario),
    CONSTRAINT uk_prop_cedula       UNIQUE (cedula)
);

-- Tabla: VEHICULO_PROPIETARIO
-- Relacion N:M entre vehiculos y propietarios
CREATE TABLE VEHICULO_PROPIETARIO (
    placa               VARCHAR2(10)    NOT NULL,
    id_propietario      NUMBER          NOT NULL,
    CONSTRAINT pk_veh_prop          PRIMARY KEY (placa, id_propietario),
    CONSTRAINT fk_vp_vehiculo       FOREIGN KEY (placa)
                                    REFERENCES VEHICULO(placa),
    CONSTRAINT fk_vp_propietario    FOREIGN KEY (id_propietario)
                                    REFERENCES PROPIETARIO(id_propietario)
);

-- Tabla: DENUNCIA (Supertipo)
-- Formato de denuncia numerado de forma unica
CREATE TABLE DENUNCIA (
    numero_denuncia     NUMBER GENERATED BY DEFAULT AS IDENTITY,
    fecha_denuncia      DATE            NOT NULL,
    tipo_denuncia       VARCHAR2(10)    NOT NULL,
    id_propietario      NUMBER          NOT NULL,
    placa               VARCHAR2(10)    NOT NULL,
    id_celda            NUMBER          NOT NULL,
    CONSTRAINT pk_denuncia          PRIMARY KEY (numero_denuncia),
    CONSTRAINT fk_den_propietario   FOREIGN KEY (id_propietario)
                                    REFERENCES PROPIETARIO(id_propietario),
    CONSTRAINT fk_den_vehiculo      FOREIGN KEY (placa)
                                    REFERENCES VEHICULO(placa),
    CONSTRAINT fk_den_celda         FOREIGN KEY (id_celda)
                                    REFERENCES CELDA(id_celda),
    CONSTRAINT ck_den_tipo          CHECK (tipo_denuncia IN ('PENAL', 'INFORMAL'))
);

-- Tabla: DENUNCIA_PENAL (Subtipo)
-- Denuncias que se investigan judicialmente
CREATE TABLE DENUNCIA_PENAL (
    numero_denuncia     NUMBER          NOT NULL,
    numero_juzgado      NUMBER          NOT NULL,
    CONSTRAINT pk_den_penal         PRIMARY KEY (numero_denuncia),
    CONSTRAINT fk_dp_denuncia       FOREIGN KEY (numero_denuncia)
                                    REFERENCES DENUNCIA(numero_denuncia)
);

-- Tabla: DENUNCIA_INFORMAL (Subtipo)
-- Denuncias que solo registran el hecho
CREATE TABLE DENUNCIA_INFORMAL (
    numero_denuncia     NUMBER          NOT NULL,
    hora_denuncia       VARCHAR2(8)     NOT NULL,
    CONSTRAINT pk_den_informal      PRIMARY KEY (numero_denuncia),
    CONSTRAINT fk_di_denuncia       FOREIGN KEY (numero_denuncia)
                                    REFERENCES DENUNCIA(numero_denuncia)
);

-- Tabla: OBJETO_ROBADO
-- Objetos sustraidos registrados en cada denuncia
CREATE TABLE OBJETO_ROBADO (
    id_objeto           NUMBER GENERATED BY DEFAULT AS IDENTITY,
    descripcion         VARCHAR2(100)   NOT NULL,
    valor               NUMBER(12,2)    NOT NULL,
    marca               VARCHAR2(50),
    numero_denuncia     NUMBER          NOT NULL,
    CONSTRAINT pk_objeto            PRIMARY KEY (id_objeto),
    CONSTRAINT fk_obj_denuncia      FOREIGN KEY (numero_denuncia)
                                    REFERENCES DENUNCIA(numero_denuncia)
);

-- Tabla: LOG_CAMBIOS_DENUNCIA
-- Tabla de auditoria para registrar cambios de tipo en denuncias (usada por el trigger)
CREATE TABLE LOG_CAMBIOS_DENUNCIA (
    id_log              NUMBER GENERATED BY DEFAULT AS IDENTITY,
    numero_denuncia     NUMBER          NOT NULL,
    tipo_anterior       VARCHAR2(10),
    tipo_nuevo          VARCHAR2(10),
    fecha_cambio        DATE            DEFAULT SYSDATE,
    usuario             VARCHAR2(50),
    CONSTRAINT pk_log_cambios       PRIMARY KEY (id_log)
);

-- ============================================================================
-- SECCION 3: DATOS DE PRUEBA (DML)
-- Minimo 4 tuplas por tabla. Datos disenados para que las consultas no
-- devuelvan resultados vacios.
-- ============================================================================

-- ADMINISTRADORES (4 registros)
INSERT INTO ADMINISTRADOR (cedula, nombre, telefono, email, direccion)
VALUES ('71234567', 'Juan Carlos Perez Gil', '3001234567', 'jcperez@email.com', 'Cra 45 #30-12, Medellin');

INSERT INTO ADMINISTRADOR (cedula, nombre, telefono, email, direccion)
VALUES ('43567890', 'Maria Eugenia Garcia Lopez', '3109876543', 'mgarcia@email.com', 'Cll 50 #65-30, Medellin');

INSERT INTO ADMINISTRADOR (cedula, nombre, telefono, email, direccion)
VALUES ('98765432', 'Carlos Andres Lopez Restrepo', '3205551234', 'calopez@email.com', 'Cra 70 #44-15, Medellin');

INSERT INTO ADMINISTRADOR (cedula, nombre, telefono, email, direccion)
VALUES ('32456789', 'Ana Maria Martinez Ospina', '3157894561', 'amartinez@email.com', 'Cll 33 #78-05, Medellin');

-- PARQUEADEROS (4 registros)
INSERT INTO PARQUEADERO (nit, nombre, direccion, telefono, id_administrador)
VALUES ('900123456-1', 'Parqueadero Central El Poblado', 'Cra 43A #7-50, El Poblado', '6041112233', 1);

INSERT INTO PARQUEADERO (nit, nombre, direccion, telefono, id_administrador)
VALUES ('900234567-2', 'Parqueadero Plaza Norte', 'Cll 52 #45-20, Centro', '6042223344', 2);

INSERT INTO PARQUEADERO (nit, nombre, direccion, telefono, id_administrador)
VALUES ('900345678-3', 'Parqueadero San Juan Centro', 'Cra 52 #44-10, San Juan', '6043334455', 3);

INSERT INTO PARQUEADERO (nit, nombre, direccion, telefono, id_administrador)
VALUES ('900456789-4', 'Parqueadero Laureles Park', 'Cll 33 #76-20, Laureles', '6044445566', 4);

-- CELDAS (8 registros - 2 por parqueadero)
-- Parqueadero 1
INSERT INTO CELDA (numero_celda, tamano, id_parqueadero) VALUES (1, 'GRANDE', 1);
INSERT INTO CELDA (numero_celda, tamano, id_parqueadero) VALUES (2, 'MEDIANA', 1);
-- Parqueadero 2
INSERT INTO CELDA (numero_celda, tamano, id_parqueadero) VALUES (1, 'GRANDE', 2);
INSERT INTO CELDA (numero_celda, tamano, id_parqueadero) VALUES (2, 'PEQUENA', 2);
-- Parqueadero 3
INSERT INTO CELDA (numero_celda, tamano, id_parqueadero) VALUES (1, 'MEDIANA', 3);
INSERT INTO CELDA (numero_celda, tamano, id_parqueadero) VALUES (2, 'GRANDE', 3);
-- Parqueadero 4 (sin denuncias, para validar LEFT JOIN)
INSERT INTO CELDA (numero_celda, tamano, id_parqueadero) VALUES (1, 'MEDIANA', 4);
INSERT INTO CELDA (numero_celda, tamano, id_parqueadero) VALUES (2, 'PEQUENA', 4);

-- VEHICULOS (5 registros)
INSERT INTO VEHICULO (placa, marca, modelo, anio, color, tipo)
VALUES ('ABC123', 'Renault', 'Logan', 2020, 'Blanco', 'Sedan');

INSERT INTO VEHICULO (placa, marca, modelo, anio, color, tipo)
VALUES ('DEF456', 'Chevrolet', 'Spark GT', 2019, 'Rojo', 'Hatchback');

INSERT INTO VEHICULO (placa, marca, modelo, anio, color, tipo)
VALUES ('GHI789', 'Mazda', '3', 2021, 'Negro', 'Sedan');

INSERT INTO VEHICULO (placa, marca, modelo, anio, color, tipo)
VALUES ('JKL012', 'Toyota', 'Corolla', 2022, 'Gris', 'Sedan');

INSERT INTO VEHICULO (placa, marca, modelo, anio, color, tipo)
VALUES ('MNO345', 'Kia', 'Picanto', 2018, 'Azul', 'Hatchback');

-- PROPIETARIOS (5 registros)
INSERT INTO PROPIETARIO (cedula, nombre, telefono, email, direccion)
VALUES ('8012345', 'Pedro Antonio Gomez Uribe', '3001112233', 'pgomez@email.com', 'Cra 80 #32-10, Belen');

INSERT INTO PROPIETARIO (cedula, nombre, telefono, email, direccion)
VALUES ('43890123', 'Laura Cristina Ramirez Velez', '3104445566', 'lramirez@email.com', 'Cll 10 #35-22, El Poblado');

INSERT INTO PROPIETARIO (cedula, nombre, telefono, email, direccion)
VALUES ('71456789', 'Diego Fernando Torres Arias', '3207778899', 'dtorres@email.com', 'Cra 65 #48-55, Estadio');

INSERT INTO PROPIETARIO (cedula, nombre, telefono, email, direccion)
VALUES ('1037654321', 'Sofia Alejandra Herrera Duque', '3159990011', 'sherrera@email.com', 'Cll 44 #70-30, Laureles');

INSERT INTO PROPIETARIO (cedula, nombre, telefono, email, direccion)
VALUES ('1128765432', 'Andres Felipe Castro Mejia', '3002223344', 'acastro@email.com', 'Cra 50 #60-18, Robledo');

-- VEHICULO_PROPIETARIO (6 registros - relacion N:M)
INSERT INTO VEHICULO_PROPIETARIO (placa, id_propietario) VALUES ('ABC123', 1);  -- Pedro posee ABC123
INSERT INTO VEHICULO_PROPIETARIO (placa, id_propietario) VALUES ('ABC123', 2);  -- Laura tambien posee ABC123
INSERT INTO VEHICULO_PROPIETARIO (placa, id_propietario) VALUES ('DEF456', 3);  -- Diego posee DEF456
INSERT INTO VEHICULO_PROPIETARIO (placa, id_propietario) VALUES ('GHI789', 4);  -- Sofia posee GHI789
INSERT INTO VEHICULO_PROPIETARIO (placa, id_propietario) VALUES ('JKL012', 5);  -- Andres posee JKL012
INSERT INTO VEHICULO_PROPIETARIO (placa, id_propietario) VALUES ('MNO345', 1);  -- Pedro tambien posee MNO345

-- DENUNCIAS (6 registros - 3 penales, 3 informales)
-- Pedro presenta denuncia penal por robo a ABC123 en celda 1 del parqueadero 1
INSERT INTO DENUNCIA (fecha_denuncia, tipo_denuncia, id_propietario, placa, id_celda)
VALUES (TO_DATE('2025-01-15', 'YYYY-MM-DD'), 'PENAL', 1, 'ABC123', 1);

-- Diego presenta denuncia informal por robo a DEF456 en celda 3 del parqueadero 2
INSERT INTO DENUNCIA (fecha_denuncia, tipo_denuncia, id_propietario, placa, id_celda)
VALUES (TO_DATE('2025-02-20', 'YYYY-MM-DD'), 'INFORMAL', 3, 'DEF456', 3);

-- Sofia presenta denuncia penal por robo a GHI789 en celda 5 del parqueadero 3
INSERT INTO DENUNCIA (fecha_denuncia, tipo_denuncia, id_propietario, placa, id_celda)
VALUES (TO_DATE('2025-03-10', 'YYYY-MM-DD'), 'PENAL', 4, 'GHI789', 5);

-- Laura presenta denuncia informal por robo a ABC123 en celda 2 del parqueadero 1
INSERT INTO DENUNCIA (fecha_denuncia, tipo_denuncia, id_propietario, placa, id_celda)
VALUES (TO_DATE('2025-04-05', 'YYYY-MM-DD'), 'INFORMAL', 2, 'ABC123', 2);

-- Andres presenta denuncia penal por robo a JKL012 en celda 4 del parqueadero 2
INSERT INTO DENUNCIA (fecha_denuncia, tipo_denuncia, id_propietario, placa, id_celda)
VALUES (TO_DATE('2025-05-12', 'YYYY-MM-DD'), 'PENAL', 5, 'JKL012', 4);

-- Sofia presenta denuncia informal por robo a MNO345 en celda 6 del parqueadero 3
INSERT INTO DENUNCIA (fecha_denuncia, tipo_denuncia, id_propietario, placa, id_celda)
VALUES (TO_DATE('2025-06-18', 'YYYY-MM-DD'), 'INFORMAL', 4, 'MNO345', 6);

-- DENUNCIA_PENAL (3 registros - corresponden a denuncias 1, 3 y 5)
INSERT INTO DENUNCIA_PENAL (numero_denuncia, numero_juzgado) VALUES (1, 12);
INSERT INTO DENUNCIA_PENAL (numero_denuncia, numero_juzgado) VALUES (3, 7);
INSERT INTO DENUNCIA_PENAL (numero_denuncia, numero_juzgado) VALUES (5, 23);

-- DENUNCIA_INFORMAL (3 registros - corresponden a denuncias 2, 4 y 6)
INSERT INTO DENUNCIA_INFORMAL (numero_denuncia, hora_denuncia) VALUES (2, '14:30');
INSERT INTO DENUNCIA_INFORMAL (numero_denuncia, hora_denuncia) VALUES (4, '09:15');
INSERT INTO DENUNCIA_INFORMAL (numero_denuncia, hora_denuncia) VALUES (6, '17:45');

-- OBJETOS_ROBADOS (13 registros distribuidos en las 6 denuncias)
-- Denuncia 1 (penal, Pedro, ABC123): valor total = 4,000,000
INSERT INTO OBJETO_ROBADO (descripcion, valor, marca, numero_denuncia)
VALUES ('Portatil', 2500000, 'Lenovo', 1);
INSERT INTO OBJETO_ROBADO (descripcion, valor, marca, numero_denuncia)
VALUES ('Celular', 1500000, 'Samsung', 1);

-- Denuncia 2 (informal, Diego, DEF456): valor total = 350,000
INSERT INTO OBJETO_ROBADO (descripcion, valor, marca, numero_denuncia)
VALUES ('Bolsa de compras', 200000, 'Zara', 2);
INSERT INTO OBJETO_ROBADO (descripcion, valor, marca, numero_denuncia)
VALUES ('Ropa', 150000, 'Adidas', 2);

-- Denuncia 3 (penal, Sofia, GHI789): valor total = 3,800,000
INSERT INTO OBJETO_ROBADO (descripcion, valor, marca, numero_denuncia)
VALUES ('Televisor', 3000000, 'LG', 3);
INSERT INTO OBJETO_ROBADO (descripcion, valor, marca, numero_denuncia)
VALUES ('Tablet', 800000, 'Apple', 3);

-- Denuncia 4 (informal, Laura, ABC123): valor total = 350,000
INSERT INTO OBJETO_ROBADO (descripcion, valor, marca, numero_denuncia)
VALUES ('Lapicero', 50000, 'Mont Blanc', 4);
INSERT INTO OBJETO_ROBADO (descripcion, valor, marca, numero_denuncia)
VALUES ('Gafas de sol', 300000, 'Ray-Ban', 4);

-- Denuncia 5 (penal, Andres, JKL012): valor total = 6,000,000
INSERT INTO OBJETO_ROBADO (descripcion, valor, marca, numero_denuncia)
VALUES ('Portatil', 3500000, 'Apple', 5);
INSERT INTO OBJETO_ROBADO (descripcion, valor, marca, numero_denuncia)
VALUES ('Camara fotografica', 2000000, 'Canon', 5);
INSERT INTO OBJETO_ROBADO (descripcion, valor, marca, numero_denuncia)
VALUES ('Reloj', 500000, 'Casio', 5);

-- Denuncia 6 (informal, Sofia, MNO345): valor total = 180,000
INSERT INTO OBJETO_ROBADO (descripcion, valor, marca, numero_denuncia)
VALUES ('Bolsa', 100000, 'Nike', 6);
INSERT INTO OBJETO_ROBADO (descripcion, valor, marca, numero_denuncia)
VALUES ('Paraguas', 80000, 'Totto', 6);

COMMIT;

-- ============================================================================
-- SECCION 4: CONSULTAS
-- ============================================================================

-- --------------------------------------------------------------------------
-- CONSULTA 1: Implementa 4 JOINS o mas (usa 5 INNER JOINs)
-- --------------------------------------------------------------------------
-- Enunciado: Listar el nombre del propietario, la placa del vehiculo, el
-- numero de celda, el tamano de la celda, el nombre del parqueadero, el
-- nombre del administrador y la descripcion de cada objeto robado, para
-- todas las denuncias registradas.
-- --------------------------------------------------------------------------
SELECT p.nombre              AS propietario,
       v.placa               AS placa_vehiculo,
       c.numero_celda        AS celda,
       c.tamano              AS tamano_celda,
       pq.nombre             AS parqueadero,
       a.nombre              AS administrador,
       o.descripcion         AS objeto_robado,
       o.valor               AS valor_objeto,
       o.marca               AS marca_objeto,
       d.fecha_denuncia
FROM   DENUNCIA d
       INNER JOIN PROPIETARIO p     ON d.id_propietario = p.id_propietario
       INNER JOIN VEHICULO v        ON d.placa = v.placa
       INNER JOIN CELDA c           ON d.id_celda = c.id_celda
       INNER JOIN PARQUEADERO pq    ON c.id_parqueadero = pq.id_parqueadero
       INNER JOIN ADMINISTRADOR a   ON pq.id_administrador = a.id_administrador
       INNER JOIN OBJETO_ROBADO o   ON o.numero_denuncia = d.numero_denuncia
ORDER BY d.fecha_denuncia, o.descripcion;

-- --------------------------------------------------------------------------
-- CONSULTA 2: Implementa LEFT JOIN
-- --------------------------------------------------------------------------
-- Enunciado: Listar todos los parqueaderos junto con sus administradores
-- y las celdas que poseen, mostrando tambien aquellas celdas que NO han
-- tenido ninguna denuncia asociada (resultado no vacio gracias a las
-- celdas del Parqueadero Laureles Park).
-- --------------------------------------------------------------------------
SELECT pq.nombre             AS parqueadero,
       a.nombre              AS administrador,
       c.numero_celda        AS celda,
       c.tamano              AS tamano_celda,
       d.numero_denuncia,
       d.fecha_denuncia,
       d.tipo_denuncia
FROM   PARQUEADERO pq
       INNER JOIN ADMINISTRADOR a   ON pq.id_administrador = a.id_administrador
       INNER JOIN CELDA c           ON c.id_parqueadero = pq.id_parqueadero
       LEFT  JOIN DENUNCIA d        ON d.id_celda = c.id_celda
ORDER BY pq.nombre, c.numero_celda;

-- --------------------------------------------------------------------------
-- CONSULTA 3: Operaciones entre conjuntos (MINUS)
-- --------------------------------------------------------------------------
-- Enunciado: Obtener los propietarios que han presentado al menos una
-- denuncia de tipo PENAL pero que NO han presentado ninguna denuncia
-- de tipo INFORMAL.
-- --------------------------------------------------------------------------
SELECT p.id_propietario,
       p.nombre
FROM   PROPIETARIO p
       INNER JOIN DENUNCIA d    ON d.id_propietario = p.id_propietario
       INNER JOIN DENUNCIA_PENAL dp ON dp.numero_denuncia = d.numero_denuncia
MINUS
SELECT p.id_propietario,
       p.nombre
FROM   PROPIETARIO p
       INNER JOIN DENUNCIA d    ON d.id_propietario = p.id_propietario
       INNER JOIN DENUNCIA_INFORMAL di ON di.numero_denuncia = d.numero_denuncia;

-- --------------------------------------------------------------------------
-- CONSULTA 4: Subconsultas
-- --------------------------------------------------------------------------
-- Enunciado: Listar los vehiculos cuyo valor total de objetos robados
-- (sumando todas sus denuncias) supera el promedio general del valor
-- total por denuncia.
-- --------------------------------------------------------------------------
SELECT v.placa,
       v.marca,
       v.modelo,
       (SELECT SUM(o.valor)
        FROM   OBJETO_ROBADO o
               INNER JOIN DENUNCIA d ON o.numero_denuncia = d.numero_denuncia
        WHERE  d.placa = v.placa) AS valor_total_robado
FROM   VEHICULO v
WHERE  v.placa IN (
           SELECT d.placa
           FROM   DENUNCIA d
                  INNER JOIN OBJETO_ROBADO o ON o.numero_denuncia = d.numero_denuncia
           GROUP BY d.placa
           HAVING SUM(o.valor) > (
                      SELECT AVG(total_por_denuncia)
                      FROM   (SELECT SUM(o2.valor) AS total_por_denuncia
                              FROM   OBJETO_ROBADO o2
                              GROUP BY o2.numero_denuncia)
                  )
       )
ORDER BY valor_total_robado DESC;

-- ============================================================================
-- SECCION 5: FUNCION, TRIGGER Y PROCEDIMIENTO ALMACENADO
-- ============================================================================

-- --------------------------------------------------------------------------
-- FUNCION: fn_valor_total_denuncia
-- --------------------------------------------------------------------------
-- Enunciado: Funcion que recibe el numero de una denuncia y retorna el
-- valor total de todos los objetos robados registrados en dicha denuncia.
-- Si la denuncia no tiene objetos o no existe, retorna 0.
-- --------------------------------------------------------------------------
CREATE OR REPLACE FUNCTION fn_valor_total_denuncia(
    p_numero_denuncia IN NUMBER
) RETURN NUMBER
IS
    v_total NUMBER := 0;
BEGIN
    SELECT NVL(SUM(valor), 0)
    INTO   v_total
    FROM   OBJETO_ROBADO
    WHERE  numero_denuncia = p_numero_denuncia;

    RETURN v_total;
EXCEPTION
    WHEN NO_DATA_FOUND THEN
        RETURN 0;
    WHEN OTHERS THEN
        RETURN -1;
END fn_valor_total_denuncia;
/

-- --------------------------------------------------------------------------
-- TRIGGER: trg_log_cambio_tipo_denuncia
-- --------------------------------------------------------------------------
-- Enunciado: Trigger que se dispara automaticamente cada vez que se
-- actualiza el tipo de una denuncia (campo tipo_denuncia en la tabla
-- DENUNCIA). Registra en la tabla LOG_CAMBIOS_DENUNCIA el numero de
-- denuncia, el tipo anterior, el nuevo tipo, la fecha del cambio y
-- el usuario que realizo la operacion.
-- --------------------------------------------------------------------------
CREATE OR REPLACE TRIGGER trg_log_cambio_tipo_denuncia
AFTER UPDATE OF tipo_denuncia ON DENUNCIA
FOR EACH ROW
BEGIN
    INSERT INTO LOG_CAMBIOS_DENUNCIA (
        numero_denuncia,
        tipo_anterior,
        tipo_nuevo,
        fecha_cambio,
        usuario
    ) VALUES (
        :OLD.numero_denuncia,
        :OLD.tipo_denuncia,
        :NEW.tipo_denuncia,
        SYSDATE,
        USER
    );
END trg_log_cambio_tipo_denuncia;
/

-- --------------------------------------------------------------------------
-- PROCEDIMIENTO ALMACENADO: sp_escalar_denuncias
-- --------------------------------------------------------------------------
-- Enunciado: Procedimiento que revisa todas las denuncias informales y
-- las escala automaticamente a denuncias penales cuando el valor total
-- de los objetos robados supera un umbral dado (en pesos colombianos).
-- Este proceso es util para el negocio porque permite a la Policia
-- identificar robos significativos que fueron reportados informalmente
-- y que ameritan investigacion judicial.
--
-- El procedimiento:
--   1. Usa un CURSOR para recorrer las denuncias informales.
--   2. Invoca la FUNCION fn_valor_total_denuncia para obtener el valor.
--   3. Si el valor supera el umbral:
--      - Actualiza el tipo de denuncia a 'PENAL' (dispara el TRIGGER).
--      - Inserta el registro en DENUNCIA_PENAL con juzgado 0 (pendiente).
--      - Elimina el registro de DENUNCIA_INFORMAL.
--   4. Maneja CONTROL DE ERRORES con SAVEPOINT por cada denuncia.
--   5. Garantiza ATOMICIDAD: si falla una denuncia individual, se revierte
--      solo esa y se continua con las demas.
-- --------------------------------------------------------------------------
CREATE OR REPLACE PROCEDURE sp_escalar_denuncias(
    p_umbral IN NUMBER
)
IS
    -- Cursor que recorre todas las denuncias informales
    CURSOR c_informales IS
        SELECT d.numero_denuncia,
               d.fecha_denuncia,
               d.placa,
               di.hora_denuncia
        FROM   DENUNCIA d
               INNER JOIN DENUNCIA_INFORMAL di ON d.numero_denuncia = di.numero_denuncia
        WHERE  d.tipo_denuncia = 'INFORMAL';

    v_valor_total   NUMBER;
    v_contador      NUMBER := 0;
    v_errores       NUMBER := 0;
BEGIN
    DBMS_OUTPUT.PUT_LINE('==============================================');
    DBMS_OUTPUT.PUT_LINE('INICIO DEL PROCESO DE ESCALAMIENTO');
    DBMS_OUTPUT.PUT_LINE('Umbral configurado: $' || TO_CHAR(p_umbral, '999,999,999'));
    DBMS_OUTPUT.PUT_LINE('Fecha de ejecucion: ' || TO_CHAR(SYSDATE, 'YYYY-MM-DD HH24:MI:SS'));
    DBMS_OUTPUT.PUT_LINE('==============================================');

    FOR rec IN c_informales LOOP
        -- Invocar la funcion para obtener el valor total de la denuncia
        v_valor_total := fn_valor_total_denuncia(rec.numero_denuncia);

        DBMS_OUTPUT.PUT_LINE('Denuncia #' || rec.numero_denuncia ||
                             ' | Placa: ' || rec.placa ||
                             ' | Valor total: $' || TO_CHAR(v_valor_total, '999,999,999'));

        IF v_valor_total > p_umbral THEN
            -- Crear punto de salvaguarda para atomicidad individual
            SAVEPOINT sp_denuncia_individual;

            BEGIN
                -- Paso 1: Actualizar tipo de denuncia (esto dispara el trigger)
                UPDATE DENUNCIA
                SET    tipo_denuncia = 'PENAL'
                WHERE  numero_denuncia = rec.numero_denuncia;

                -- Paso 2: Insertar en tabla de denuncias penales
                -- Juzgado 0 indica "pendiente de asignacion"
                INSERT INTO DENUNCIA_PENAL (numero_denuncia, numero_juzgado)
                VALUES (rec.numero_denuncia, 0);

                -- Paso 3: Eliminar de denuncias informales
                DELETE FROM DENUNCIA_INFORMAL
                WHERE  numero_denuncia = rec.numero_denuncia;

                v_contador := v_contador + 1;
                DBMS_OUTPUT.PUT_LINE('  >> ESCALADA a PENAL exitosamente.');

            EXCEPTION
                WHEN OTHERS THEN
                    -- Revertir solo esta denuncia
                    ROLLBACK TO sp_denuncia_individual;
                    v_errores := v_errores + 1;
                    DBMS_OUTPUT.PUT_LINE('  >> ERROR al escalar: ' || SQLERRM);
            END;
        ELSE
            DBMS_OUTPUT.PUT_LINE('  >> No supera el umbral. Se mantiene INFORMAL.');
        END IF;
    END LOOP;

    -- Confirmar todos los cambios exitosos
    COMMIT;

    DBMS_OUTPUT.PUT_LINE('==============================================');
    DBMS_OUTPUT.PUT_LINE('RESUMEN DEL PROCESO');
    DBMS_OUTPUT.PUT_LINE('Denuncias escaladas: ' || v_contador);
    DBMS_OUTPUT.PUT_LINE('Errores encontrados: ' || v_errores);
    DBMS_OUTPUT.PUT_LINE('==============================================');

EXCEPTION
    WHEN OTHERS THEN
        -- Si ocurre un error general, revertir todo
        ROLLBACK;
        DBMS_OUTPUT.PUT_LINE('ERROR CRITICO en el procedimiento: ' || SQLERRM);
        RAISE;
END sp_escalar_denuncias;
/

-- --------------------------------------------------------------------------
-- EJECUCION DE PRUEBA DEL PROCEDIMIENTO ALMACENADO
-- --------------------------------------------------------------------------
-- Se establece el umbral en 300,000 pesos. Las denuncias informales cuyo
-- valor total de objetos robados supere este monto seran escaladas a penales.
--
-- Denuncias informales actuales:
--   Denuncia 2 (Diego, DEF456):  valor = 350,000  -> SUPERA umbral -> se escala
--   Denuncia 4 (Laura, ABC123):  valor = 350,000  -> SUPERA umbral -> se escala
--   Denuncia 6 (Sofia, MNO345):  valor = 180,000  -> NO supera     -> se mantiene
-- --------------------------------------------------------------------------
SET SERVEROUTPUT ON;

EXEC sp_escalar_denuncias(300000);

-- Verificar resultados de la ejecucion:
-- 1. Denuncias que ahora son penales
SELECT d.numero_denuncia, d.tipo_denuncia, dp.numero_juzgado
FROM   DENUNCIA d
       INNER JOIN DENUNCIA_PENAL dp ON d.numero_denuncia = dp.numero_denuncia
ORDER BY d.numero_denuncia;

-- 2. Denuncias que siguen siendo informales
SELECT d.numero_denuncia, d.tipo_denuncia, di.hora_denuncia
FROM   DENUNCIA d
       INNER JOIN DENUNCIA_INFORMAL di ON d.numero_denuncia = di.numero_denuncia
ORDER BY d.numero_denuncia;

-- 3. Log de cambios generados por el trigger
SELECT * FROM LOG_CAMBIOS_DENUNCIA ORDER BY id_log;

-- ============================================================================
-- FIN DEL SCRIPT
-- ============================================================================
